total__N,total__Temperature,total__Treatment,total__Group   #,animal_id,total__Femur BV (mm³),total__Femur Scout View Length (mm),diaphysis_cortical__N,diaphysis_cortical__Temperature,diaphysis_cortical__Treatment,diaphysis_cortical__Group   #,diaphysis_cortical__Femur Cross Sectional Volume (mm3),diaphysis_cortical__Femur Cortical Volume (mm3),diaphysis_cortical__Femur Marrow Volume (mm3),diaphysis_cortical__Femur Cortical Thickness (µm),diaphysis_cortical__Femur pMOI (mm4),metaphysis_cancellous__N,metaphysis_cancellous__Temperature,metaphysis_cancellous__Treatment,metaphysis_cancellous__Group   #,metaphysis_cancellous__Femur BV/TV (%),metaphysis_cancellous__Femur Conn-dens (1/(mm3),metaphysis_cancellous__Femur Tb.N (1/mm),metaphysis_cancellous__Femur Tb.Th (µm),metaphysis_cancellous__Femur Tb.Sp (µm),epiphysis_cancellous__N,epiphysis_cancellous__Temperature,epiphysis_cancellous__Treatment,epiphysis_cancellous__Group   #,epiphysis_cancellous__Femur BV/TV (%),epiphysis_cancellous__Femur Conn-Dens (1/mm³),epiphysis_cancellous__Femur     Tb.N     (1/mm),epiphysis_cancellous__Femur      Tb.Th     (µm),epiphysis_cancellous__Femur     Tb.Sp     (µm),material_type,total__Humerus    BV    (mm³),total__Humerus   Scout View   Length   (mm),diaphysis_cortical__Humerus Cross Sectional Volume (mm³),diaphysis_cortical__Humerus Cortical  Volume (mm³),diaphysis_cortical__Humerus Marrow Volume (mm³),diaphysis_cortical__Humerus Cortical Thickness (µm),diaphysis_cortical__Humerus  pMOI  (mm⁴),metaphysis_cancellous__Humerus BV/TV (%),metaphysis_cancellous__Humerus Conn-Dens. (1/mm³),metaphysis_cancellous__Humerus Tb.N (1/mm),metaphysis_cancellous__Humerus Tb.Th (µm),metaphysis_cancellous__Humerus Tb.Sp (µm),epiphysis_cancellous__Humerus  BV/TV  (%),epiphysis_cancellous__Humerus  Conn-Dens.  (1/mm³),epiphysis_cancellous__Humerus  Tb.N  (1/mm),epiphysis_cancellous__Humerus Tb.Th  (µm),epiphysis_cancellous__Humerus  Tb.Sp  (µm),epiphysis_cancellous__Comments,N,temperature,condition,Group   #,body_weight_g
,22C (72F),HLU,3.0,1.0,10.6472,13.6,,22C (72F),HLU,3.0,0.4197,0.1347,0.28500000000000003,129.0,0.2536,,22C (72F),HLU,3.0,5.6000000000000005,35.3681,4.3453,38.5,231.7,,22C (72F),HLU,3.0,19.040000000000003,273.2889,6.7663,41.9,154.9,femur,,,,,,,,,,,,,,,,,,,,22C (72F),HLU,3.0,17.8
,22C (72F),Baseline,1.0,2.0,14.4045,13.5,,22C (72F),Baseline,1.0,0.4285,0.1572,0.2713,152.0,0.30422,,22C (72F),Baseline,1.0,13.62,226.6676,6.2947,38.3,159.0,,22C (72F),Baseline,1.0,24.98,282.6654,7.3479,46.0,144.8,femur,,,,,,,,,,,,,,,,,,,,22C (72F),Baseline,1.0,16.1
,32C (90F),HLU,5.0,3.0,12.9785,13.6,,32C (90F),HLU,5.0,0.4251,0.1445,0.28059999999999996,137.0,0.28024,,32C (90F),HLU,5.0,12.839999999999998,194.2897,6.1053,37.3,158.29999999999998,,32C (90F),HLU,5.0,24.959999999999997,289.2132,6.4523,46.9,153.29999999999998,femur,,,,,,,,,,,,,,,,,,,,32C (90F),HLU,5.0,16.5
,22C (72F),Baseline,1.0,4.0,14.6269,13.6,,22C (72F),Baseline,1.0,0.4135,0.1537,0.2598,150.0,0.28516,,22C (72F),Baseline,1.0,15.7,237.3021,5.9248,41.300000000000004,166.9,,22C (72F),Baseline,1.0,26.26,292.4044,7.2762,46.0,142.9,femur,,,,,,,,,,,,,,,,,,,,22C (72F),Baseline,1.0,16.3
,22C (72F),Control,2.0,5.0,15.5207,13.9,,22C (72F),Control,2.0,0.4254,0.1681,0.2573,161.0,0.32496,,22C (72F),Control,2.0,12.78,224.7022,5.8852,38.6,170.9,,22C (72F),Control,2.0,27.02,257.1513,6.4474,50.5,156.5,femur,,,,,,,,,,,,,,,,,,,,22C (72F),Control,2.0,17.5
,32C (90F),HLU,5.0,6.0,12.9308,13.3,,32C (90F),HLU,5.0,0.4191,0.141,0.2781,135.0,0.26707,,32C (90F),HLU,5.0,15.1,261.7052,6.0437,39.199999999999996,162.20000000000002,,32C (90F),HLU,5.0,26.31,307.3361,6.6328,49.4,148.4,femur,,,,,,,,,,,,,,,,,,,,32C (90F),HLU,5.0,14.3
,32C (90F),Control,4.0,7.0,14.8668,13.6,,32C (90F),Control,4.0,0.4083,0.1601,0.2482,158.0,0.29088,,32C (90F),Control,4.0,19.38,262.4792,6.3122,43.1,153.4,,32C (90F),Control,4.0,26.66,210.3801,6.9874,52.0,146.2,femur,,,,,,,,,,,,,,,,,,,,32C (90F),Control,4.0,16.0
,22C (72F),Baseline,1.0,8.0,14.4581,14.1,,22C (72F),Baseline,1.0,0.4204,0.1566,0.26380000000000003,151.0,0.29576,,22C (72F),Baseline,1.0,12.47,170.5439,5.9299,38.9,167.5,,22C (72F),Baseline,1.0,22.5,262.6416,8.5797,45.900000000000006,132.0,femur,,,,,,,,,,,,,,,,,,,,22C (72F),Baseline,1.0,18.0
,32C (90F),HLU,5.0,9.0,12.4859,13.4,,32C (90F),HLU,5.0,0.3796,0.1388,0.2408,142.0,0.23301,,32C (90F),HLU,5.0,15.83,253.679,6.1557,40.2,161.0,,32C (90F),HLU,5.0,27.71,272.8399,6.3888,51.3,163.0,femur,,,,,,,,,,,,,,,,,,,,32C (90F),HLU,5.0,14.8
,32C (90F),HLU,5.0,10.0,12.5501,13.6,,32C (90F),HLU,5.0,0.3936,0.146,0.24760000000000001,145.0,0.26101,,32C (90F),HLU,5.0,15.17,250.0234,6.3834,37.400000000000006,149.60000000000002,,32C (90F),HLU,5.0,29.349999999999998,302.5396,7.0275,51.2,142.4,femur,,,,,,,,,,,,,,,,,,,,32C (90F),HLU,5.0,14.7
,32C (90F),Control,4.0,11.0,14.7569,13.7,,32C (90F),Control,4.0,0.3801,0.163,0.2171,168.0,0.27342,,32C (90F),Control,4.0,18.44,268.7804,5.9662,43.0,163.39999999999998,,32C (90F),Control,4.0,31.77,246.3894,7.3435,54.800000000000004,133.0,femur,,,,,,,,,,,,,,,,,,,,32C (90F),Control,4.0,16.7
,32C (90F),HLU,5.0,12.0,12.7831,13.4,,32C (90F),HLU,5.0,0.4098,0.1464,0.26339999999999997,143.0,0.26658,,32C (90F),HLU,5.0,11.959999999999999,160.3915,6.0186,39.1,162.6,,32C (90F),HLU,5.0,25.11,293.5473,7.0688,47.7,142.5,femur,,,,,,,,,,,,,,,,,,,,32C (90F),HLU,5.0,17.3
,22C (72F),Baseline,1.0,13.0,13.7986,13.8,,22C (72F),Baseline,1.0,0.4013,0.1559,0.24539999999999998,157.0,0.27563,,22C (72F),Baseline,1.0,11.12,180.3998,5.8847,36.0,171.2,,22C (72F),Baseline,1.0,22.12,284.3696,7.8858,44.6,142.8,femur,,,,,,,,,,,,,,,,,,,,22C (72F),Baseline,1.0,17.1
,32C (90F),Control,4.0,14.0,13.5157,13.1,,32C (90F),Control,4.0,0.397,0.142,0.255,141.0,0.25662,,32C (90F),Control,4.0,17.560000000000002,325.5753,6.5427,41.2,151.4,,32C (90F),Control,4.0,29.92,286.8043,6.9891,51.8,138.0,femur,,,,,,,,,,,,,,,,,,,,32C (90F),Control,4.0,15.3
,22C (72F),Control,2.0,15.0,14.5312,13.6,,22C (72F),Control,2.0,0.405,0.1499,0.2551,148.0,0.27564,,22C (72F),Control,2.0,13.120000000000001,200.0111,5.7638,37.900000000000006,174.2,,22C (72F),Control,2.0,27.13,280.4431,6.4227,51.0,155.0,femur,,,,,,,,,,,,,,,,,,,,22C (72F),Control,2.0,13.9
,22C (72F),HLU,3.0,16.0,10.4423,13.6,,22C (72F),HLU,3.0,0.3943,0.1247,0.26959999999999995,123.0,0.22104,,22C (72F),HLU,3.0,5.26,47.8983,4.4607,34.6,231.3,,22C (72F),HLU,3.0,19.61,279.564,6.1504,43.2,165.3,femur,,,,,,,,,,,,,,,,,,,,22C (72F),HLU,3.0,15.0
,32C (90F),HLU,5.0,17.0,12.9408,13.7,,32C (90F),HLU,5.0,0.4393,0.1504,0.28890000000000005,140.0,0.2999,,32C (90F),HLU,5.0,12.68,170.3016,5.9675,39.300000000000004,163.89999999999998,,32C (90F),HLU,5.0,22.3,295.6084,6.2517,44.2,158.0,femur,,,,,,,,,,,,,,,,,,,,32C (90F),HLU,5.0,17.2
,32C (90F),Control,4.0,18.0,13.6826,13.2,,32C (90F),Control,4.0,0.392,0.138,0.254,138.0,0.24484,,32C (90F),Control,4.0,18.63,313.7938,6.7058,39.199999999999996,145.0,,32C (90F),Control,4.0,34.57,307.8842,7.7998,53.699999999999996,132.20000000000002,femur,,,,,,,,,,,,,,,,,,,,32C (90F),Control,4.0,14.0
,22C (72F),HLU,3.0,19.0,9.7201,13.6,,22C (72F),HLU,3.0,0.4356,0.129,0.3066,121.0,0.25413,,22C (72F),HLU,3.0,3.15,25.2561,3.5917,37.8,288.0,,22C (72F),HLU,3.0,14.299999999999999,238.3817,6.162,36.7,162.8,femur,,,,,,,,,,,,,,,,,,,,22C (72F),HLU,3.0,17.3
,22C (72F),Control,2.0,20.0,14.6637,13.6,,22C (72F),Control,2.0,0.4111,0.1546,0.25650000000000006,149.0,0.28902,,22C (72F),Control,2.0,9.44,147.562,5.3648,34.1,187.1,,22C (72F),Control,2.0,26.72,272.6019,6.7851,48.7,152.60000000000002,femur,,,,,,,,,,,,,,,,,,,,22C (72F),Control,2.0,14.4
,22C (72F),Baseline,1.0,21.0,13.7123,13.3,,22C (72F),Baseline,1.0,0.4087,0.1528,0.2559,151.0,0.27988,,22C (72F),Baseline,1.0,13.08,233.9852,6.1783,36.4,158.6,,22C (72F),Baseline,1.0,24.38,332.6163,6.3609,46.9,155.9,femur,,,,,,,,,,,,,,,,,,,,22C (72F),Baseline,1.0,17.0
,22C (72F),HLU,3.0,22.0,11.7016,13.7,,22C (72F),HLU,3.0,0.4172,0.1491,0.2681,143.0,0.2852,,22C (72F),HLU,3.0,8.42,77.972,4.3772,45.199999999999996,232.2,,22C (72F),HLU,3.0,18.0,236.9128,5.578,40.800000000000004,186.6,femur,,,,,,,,,,,,,,,,,,,,22C (72F),HLU,3.0,15.9
,32C (90F),Control,4.0,23.0,15.0795,13.6,,32C (90F),Control,4.0,0.3916,0.1583,0.2333,160.0,0.27796,,32C (90F),Control,4.0,19.45,276.6624,6.5065,42.0,152.7,,32C (90F),Control,4.0,29.409999999999997,223.2232,6.4905,52.5,151.0,femur,,,,,,,,,,,,,,,,,,,,32C (90F),Control,4.0,15.3
,32C (90F),HLU,5.0,24.0,12.1818,13.4,,32C (90F),HLU,5.0,0.3875,0.1494,0.2381,150.0,0.2687,,32C (90F),HLU,5.0,13.420000000000002,199.1451,5.7535,38.1,171.9,,32C (90F),HLU,5.0,24.34,334.1545,7.1351,44.2,140.0,femur,,,,,,,,,,,,,,,,,,,,32C (90F),HLU,5.0,14.2
,22C (72F),HLU,3.0,25.0,12.5265,14.1,,22C (72F),HLU,3.0,0.4077,0.1496,0.2581,146.0,0.27501,,22C (72F),HLU,3.0,5.82,58.5721,4.2171,38.199999999999996,241.2,,22C (72F),HLU,3.0,20.82,180.2907,5.6832,49.4,175.0,femur,,,,,,,,,,,,,,,,,,,,22C (72F),HLU,3.0,18.0
,22C (72F),Control,2.0,26.0,15.7656,13.9,,22C (72F),Control,2.0,0.4209,0.1649,0.256,159.0,0.31231,,22C (72F),Control,2.0,12.44,171.6259,5.2278,40.300000000000004,191.0,,22C (72F),Control,2.0,28.88,228.0343,6.6456,54.4,150.7,femur,,,,,,,,,,,,,,,,,,,,22C (72F),Control,2.0,17.7
,22C (72F),Baseline,1.0,27.0,15.1999,13.5,,22C (72F),Baseline,1.0,0.4435,0.1592,0.2843,149.0,0.32337,,22C (72F),Baseline,1.0,17.330000000000002,250.9873,6.7436,41.8,145.4,,22C (72F),Baseline,1.0,23.34,315.4899,7.7916,43.9,139.5,femur,,,,,,,,,,,,,,,,,,,,22C (72F),Baseline,1.0,16.8
,22C (72F),HLU,3.0,28.0,11.735,14.1,,22C (72F),HLU,3.0,0.3909,0.135,0.2559,134.0,0.23864,,22C (72F),HLU,3.0,7.99,51.2935,4.4673,44.3,223.0,,22C (72F),HLU,3.0,21.37,272.7107,6.5892,44.0,155.70000000000002,femur,,,,,,,,,,,,,,,,,,,,22C (72F),HLU,3.0,16.6
,22C (72F),Control,2.0,29.0,13.8445,13.6,,22C (72F),Control,2.0,0.4003,0.1452,0.2551,143.0,0.26137,,22C (72F),Control,2.0,12.520000000000001,212.8706,5.2512,38.3,191.1,,22C (72F),Control,2.0,26.979999999999997,268.5992,6.1908,49.2,160.1,femur,,,,,,,,,,,,,,,,,,,,22C (72F),Control,2.0,14.3
,22C (72F),Baseline,1.0,30.0,14.5038,13.6,,22C (72F),Baseline,1.0,0.4253,0.1578,0.2675,152.0,0.29786,,22C (72F),Baseline,1.0,15.25,212.408,5.8993,40.2,169.3,,22C (72F),Baseline,1.0,26.619999999999997,298.7755,7.1976,48.800000000000004,139.1,femur,,,,,,,,,,,,,,,,,,,,22C (72F),Baseline,1.0,16.4
,22C (72F),Baseline,1.0,31.0,12.6373,13.3,,22C (72F),Baseline,1.0,0.3856,0.1482,0.2374,152.0,0.25138,,22C (72F),Baseline,1.0,12.49,195.1194,6.3647,38.0,158.6,,22C (72F),Baseline,1.0,23.1,315.9696,6.7953,45.1,146.1,femur,,,,,,,,,,,,,,,,,,,,22C (72F),Baseline,1.0,15.4
,22C (72F),Control,2.0,32.0,13.9349,13.7,,22C (72F),Control,2.0,0.4111,0.1408,0.2703,136.0,0.26363,,22C (72F),Control,2.0,13.08,226.4779,6.0793,36.5,162.1,,22C (72F),Control,2.0,25.95,254.5318,6.7503,49.6,145.3,femur,,,,,,,,,,,,,,,,,,,,22C (72F),Control,2.0,18.2
,32C (90F),Control,4.0,33.0,14.8847,13.6,,32C (90F),Control,4.0,0.4005,0.1619,0.23860000000000003,161.0,0.288,,32C (90F),Control,4.0,15.61,278.7464,6.2472,39.5,158.6,,32C (90F),Control,4.0,30.64,255.6821,7.3966,53.699999999999996,138.8,femur,,,,,,,,,,,,,,,,,,,,32C (90F),Control,4.0,17.7
,22C (72F),Baseline,1.0,34.0,13.3857,13.4,,22C (72F),Baseline,1.0,0.3543,0.149,0.2053,160.0,0.22973,,22C (72F),Baseline,1.0,15.629999999999999,287.4846,5.9602,39.199999999999996,166.8,,22C (72F),Baseline,1.0,30.42,347.6468,7.4935,51.1,128.1,femur,,,,,,,,,,,,,,,,,,,,22C (72F),Baseline,1.0,15.7
,32C (90F),HLU,5.0,35.0,12.6645,13.6,,32C (90F),HLU,5.0,0.4382,0.1455,0.29269999999999996,137.0,0.29067,,32C (90F),HLU,5.0,10.65,168.9302,5.592,36.8,177.7,,32C (90F),HLU,5.0,22.470000000000002,271.9923,6.3336,43.8,155.29999999999998,femur,,,,,,,,,,,,,,,,,,,,32C (90F),HLU,5.0,16.6
,22C (72F),Control,2.0,36.0,14.7082,13.6,,22C (72F),Control,2.0,0.4001,0.1514,0.2487,151.0,0.27134,,22C (72F),Control,2.0,14.360000000000001,216.3495,5.7825,40.9,172.1,,22C (72F),Control,2.0,26.979999999999997,245.5984,7.3068,49.0,144.6,femur,,,,,,,,,,,,,,,,,,,,22C (72F),Control,2.0,16.0
,32C (90F),Control,4.0,37.0,14.5468,13.4,,32C (90F),Control,4.0,0.3873,0.1499,0.23739999999999997,152.0,0.25913,,32C (90F),Control,4.0,19.28,309.0881,6.4413,42.5,151.10000000000002,,32C (90F),Control,4.0,27.91,250.7816,6.923,51.6,150.7,femur,,,,,,,,,,,,,,,,,,,,32C (90F),Control,4.0,17.2
,22C (72F),HLU,3.0,38.0,11.4091,13.6,,22C (72F),HLU,3.0,0.4228,0.148,0.27480000000000004,138.0,0.28693,,22C (72F),HLU,3.0,5.800000000000001,48.7004,4.2007,38.0,242.10000000000002,,22C (72F),HLU,3.0,16.99,282.9166,6.545,38.3,155.5,femur,,,,,,,,,,,,,,,,,,,,22C (72F),HLU,3.0,14.8
10.0,22C (72F),Baseline,1.0,39.0,16.2272,14.1,10.0,22C (72F),Baseline,1.0,0.4321,0.173,0.2591,166.0,0.33375,10.0,22C (72F),Baseline,1.0,14.52,213.7147,6.3451,40.5,158.0,10.0,22C (72F),Baseline,1.0,27.22,257.0874,6.3327,50.5,151.60000000000002,femur,,,,,,,,,,,,,,,,,,,10.0,22C (72F),Baseline,1.0,18.5
,22C (72F),HLU,3.0,40.0,13.1134,14.1,,22C (72F),HLU,3.0,0.4329,0.1433,0.28959999999999997,134.0,0.28619,,22C (72F),HLU,3.0,8.86,85.9476,4.4854,47.6,225.70000000000002,,22C (72F),HLU,3.0,24.02,248.6681,6.8536,48.099999999999994,151.2,femur,,,,,,,,,,,,,,,,,,,,22C (72F),HLU,3.0,16.6
,22C (72F),HLU,3.0,41.0,11.9459,13.7,,22C (72F),HLU,3.0,0.4223,0.1414,0.28090000000000004,134.0,0.27615,,22C (72F),HLU,3.0,8.690000000000001,94.8988,4.9568,39.300000000000004,202.6,,22C (72F),HLU,3.0,22.42,262.2067,6.4564,46.199999999999996,155.5,femur,,,,,,,,,,,,,,,,,,,,22C (72F),HLU,3.0,14.5
,22C (72F),Control,2.0,42.0,15.4488,13.7,,22C (72F),Control,2.0,0.4235,0.1608,0.2627,154.0,0.30961,,22C (72F),Control,2.0,10.14,122.5005,5.3313,37.1,188.4,,22C (72F),Control,2.0,26.029999999999998,249.8319,6.8135,50.3,149.5,femur,,,,,,,,,,,,,,,,,,,,22C (72F),Control,2.0,18.3
,22C (72F),Control,2.0,43.0,16.6275,14.0,,22C (72F),Control,2.0,0.4173,0.1686,0.2487,165.0,0.31377,,22C (72F),Control,2.0,15.559999999999999,222.9315,5.9013,41.2,165.8,,22C (72F),Control,2.0,28.939999999999998,255.0534,6.8068,53.199999999999996,144.7,femur,,,,,,,,,,,,,,,,,,,,22C (72F),Control,2.0,18.3
,32C (90F),HLU,5.0,44.0,13.9742,13.7,,32C (90F),HLU,5.0,0.4473,0.163,0.2843,153.0,0.32526,,32C (90F),HLU,5.0,16.900000000000002,195.5035,6.0866,45.3,160.8,,32C (90F),HLU,5.0,28.139999999999997,252.2322,6.2881,53.400000000000006,149.7,femur,,,,,,,,,,,,,,,,,,,,32C (90F),HLU,5.0,17.4
,32C (90F),Control,4.0,45.0,13.7387,13.1,,32C (90F),Control,4.0,0.3845,0.1448,0.2397,147.0,0.24984,,32C (90F),Control,4.0,16.53,264.8237,6.315,42.3,154.29999999999998,,32C (90F),Control,4.0,31.14,270.0823,6.95,53.5,139.9,femur,,,,,,,,,,,,,,,,,,,,32C (90F),Control,4.0,16.3
10.0,22C (72F),Control,2.0,46.0,13.8632,13.4,10.0,22C (72F),Control,2.0,0.4029,0.1424,0.26049999999999995,140.0,0.26094,10.0,22C (72F),Control,2.0,12.97,206.573,5.679,37.6,175.8,10.0,22C (72F),Control,2.0,28.21,252.0708,6.6525,50.2,154.9,femur,,,,,,,,,,,,,,,,,,,10.0,22C (72F),Control,2.0,14.8
,32C (90F),Control,4.0,47.0,15.5922,13.8,,32C (90F),Control,4.0,0.4184,0.1623,0.2561,157.0,0.30609,,32C (90F),Control,4.0,17.41,240.6001,5.8366,45.3,167.5,,32C (90F),Control,4.0,28.77,256.5979,6.5988,52.2,150.29999999999998,femur,,,,,,,,,,,,,,,,,,,,32C (90F),Control,4.0,18.7
10.0,22C (72F),HLU,3.0,48.0,9.7742,13.9,10.0,22C (72F),HLU,3.0,0.4,0.1344,0.26560000000000006,132.0,0.23928,10.0,22C (72F),HLU,3.0,2.97,16.1396,3.8858,38.3,280.6,10.0,22C (72F),HLU,3.0,12.1,171.2151,5.6127,37.699999999999996,183.10000000000002,femur,,,,,,,,,,,,,,,,,,,10.0,22C (72F),HLU,3.0,16.8
10.0,32C (90F),HLU,5.0,49.0,13.6909,13.9,10.0,32C (90F),HLU,5.0,0.4528,0.1531,0.29969999999999997,140.0,0.31387,10.0,32C (90F),HLU,5.0,12.19,157.7374,5.5251,41.7,176.9,10.0,32C (90F),HLU,5.0,24.19,257.6031,5.8847,47.5,174.1,femur,,,,,,,,,,,,,,,,,,,10.0,32C (90F),HLU,5.0,19.6
10.0,32C (90F),Control,4.0,50.0,16.0754,13.8,10.0,32C (90F),Control,4.0,0.4314,0.1626,0.26880000000000004,157.0,0.312,10.0,32C (90F),Control,4.0,17.66,267.0004,6.3184,40.7,154.9,10.0,32C (90F),Control,4.0,29.880000000000003,238.6544,5.9875,56.2,161.8,femur,,,,,,,,,,,,,,,,,,,10.0,32C (90F),Control,4.0,17.6
50.0,,,,,,,50.0,,,,,,,,,50.0,,,,,,,,,50.0,,,,,,,,,femur,,,,,,,,,,,,,,,,,,,50.0,,,,
,22C (72F),HLU,3.0,1.0,,,,22C (72F),HLU,3.0,,,,,,,22C (72F),HLU,3.0,,,,,,,22C (72F),HLU,3.0,,,,,,humerus,6.1853,11.0,0.1979,0.0923,0.1056,136.0,0.07511,7.61,89.0377,5.4322,35.1,189.9,25.540000000000003,296.2654,5.5942,48.300000000000004,172.8,,,22C (72F),HLU,3.0,17.8
,22C (72F),Baseline,1.0,2.0,,,,22C (72F),Baseline,1.0,,,,,,,22C (72F),Baseline,1.0,,,,,,,22C (72F),Baseline,1.0,,,,,,humerus,6.9075,10.7,0.1909,0.1029,0.08799999999999998,157.0,0.07814,9.04,123.4994,5.4653,34.3,185.1,34.02,352.3408,7.5101,53.400000000000006,135.6,,,22C (72F),Baseline,1.0,16.1
,32C (90F),HLU,5.0,3.0,,,,32C (90F),HLU,5.0,,,,,,,32C (90F),HLU,5.0,,,,,,,32C (90F),HLU,5.0,,,,,,humerus,7.3036,11.0,0.2017,0.1048,0.09689999999999999,154.0,0.08626,13.4,208.3563,6.4091,38.699999999999996,151.7,31.85,258.7242,6.1693,54.0,161.20000000000002,,,32C (90F),HLU,5.0,16.5
,22C (72F),Baseline,1.0,4.0,,,,22C (72F),Baseline,1.0,,,,,,,22C (72F),Baseline,1.0,,,,,,,22C (72F),Baseline,1.0,,,,,,humerus,7.1859,11.1,0.1911,0.1002,0.0909,153.0,0.07678,11.19,129.5984,6.7883,35.4,148.29999999999998,35.72,330.1443,7.6532,57.2,117.0,,,22C (72F),Baseline,1.0,16.3
,22C (72F),Control,2.0,5.0,,,,22C (72F),Control,2.0,,,,,,,22C (72F),Control,2.0,,,,,,,22C (72F),Control,2.0,,,,,,humerus,7.1391,11.0,0.1974,0.1055,0.0919,159.0,0.08372,9.33,84.6203,5.8228,35.3,179.4,30.36,305.5317,6.6325,50.1,157.0,,,22C (72F),Control,2.0,17.5
,32C (90F),HLU,5.0,6.0,,,,32C (90F),HLU,5.0,,,,,,,32C (90F),HLU,5.0,,,,,,,32C (90F),HLU,5.0,,,,,,humerus,6.83,10.7,0.206,0.109,0.09699999999999999,159.0,0.08849,13.0,176.1228,6.1559,40.599999999999994,161.6,30.09,336.4284,6.783,49.0,140.2,,,32C (90F),HLU,5.0,14.3
,32C (90F),Control,4.0,7.0,,,,32C (90F),Control,4.0,,,,,,,32C (90F),Control,4.0,,,,,,,32C (90F),Control,4.0,,,,,,humerus,7.0951,10.7,0.1851,0.0956,0.08949999999999998,148.0,0.0702,11.66,154.6935,6.4442,39.0,153.70000000000002,33.61,329.7812,6.4635,52.900000000000006,149.9,,,32C (90F),Control,4.0,16.0
,22C (72F),Baseline,1.0,8.0,,,,22C (72F),Baseline,1.0,,,,,,,22C (72F),Baseline,1.0,,,,,,,22C (72F),Baseline,1.0,,,,,,humerus,7.484,11.2,0.1925,0.1024,0.0901,158.0,0.07807,9.58,129.3177,6.5174,34.2,155.70000000000002,31.53,365.5684,6.4089,51.7,151.60000000000002,,,22C (72F),Baseline,1.0,18.0
,32C (90F),HLU,5.0,9.0,,,,32C (90F),HLU,5.0,,,,,,,32C (90F),HLU,5.0,,,,,,,32C (90F),HLU,5.0,,,,,,humerus,6.5981,10.9,0.1841,0.0923,0.09180000000000002,143.0,0.06807,12.25,139.875,5.7927,39.9,168.2,31.430000000000003,306.2691,6.8829,52.5,142.0,,,32C (90F),HLU,5.0,14.8
,32C (90F),HLU,5.0,10.0,,,,32C (90F),HLU,5.0,,,,,,,32C (90F),HLU,5.0,,,,,,,32C (90F),HLU,5.0,,,,,,humerus,6.4067,10.7,0.1746,0.0887,0.0859,142.0,0.06224,11.1,134.2488,6.5056,36.1,154.79999999999998,30.099999999999998,250.8168,5.6899,53.3,180.10000000000002,,,32C (90F),HLU,5.0,14.7
,32C (90F),Control,4.0,11.0,,,,32C (90F),Control,4.0,,,,,,,32C (90F),Control,4.0,,,,,,,32C (90F),Control,4.0,,,,,,humerus,7.0143,11.0,0.1963,0.1063,0.09,160.0,0.08139,12.690000000000001,191.2919,6.4914,33.9,154.29999999999998,33.589999999999996,237.4835,6.8884,53.3,133.8,,,32C (90F),Control,4.0,16.7
,32C (90F),HLU,5.0,12.0,,,,32C (90F),HLU,5.0,,,,,,,32C (90F),HLU,5.0,,,,,,,32C (90F),HLU,5.0,,,,,,humerus,7.2235,11.0,0.2008,0.1076,0.0932,162.0,0.08638,9.950000000000001,133.3539,5.9143,35.9,167.7,30.659999999999997,325.1381,6.1519,52.5,166.4,,,32C (90F),HLU,5.0,17.3
,22C (72F),Baseline,1.0,13.0,,,,22C (72F),Baseline,1.0,,,,,,,22C (72F),Baseline,1.0,,,,,,,22C (72F),Baseline,1.0,,,,,,humerus,7.1611,11.2,0.1891,0.0999,0.08919999999999999,154.0,0.07655,10.280000000000001,124.597,6.0365,33.4,168.4,30.14,314.0457,6.5407,52.0,155.1,,,22C (72F),Baseline,1.0,17.1
,32C (90F),Control,4.0,14.0,,,,32C (90F),Control,4.0,,,,,,,32C (90F),Control,4.0,,,,,,,32C (90F),Control,4.0,,,,,,humerus,6.4649,10.4,0.1752,0.0925,0.0827,148.0,0.0643,12.83,219.1178,6.4351,36.0,156.4,34.31,415.1877,7.7866,50.8,130.20000000000002,,,32C (90F),Control,4.0,15.3
,22C (72F),Control,2.0,15.0,,,,22C (72F),Control,2.0,,,,,,,22C (72F),Control,2.0,,,,,,,22C (72F),Control,2.0,,,,,,humerus,6.7349,11.0,0.1879,0.0973,0.09060000000000001,149.0,0.07378,10.52,161.5907,5.8919,33.300000000000004,167.1,28.93,301.4977,6.5865,48.099999999999994,148.10000000000002,,,22C (72F),Control,2.0,13.9
,22C (72F),HLU,3.0,16.0,,,,22C (72F),HLU,3.0,,,,,,,22C (72F),HLU,3.0,,,,,,,22C (72F),HLU,3.0,,,,,,humerus,6.2499,10.7,0.1779,0.0898,0.0881,142.0,0.06439,8.83,108.6636,5.3532,38.800000000000004,202.3,24.79,227.2908,5.9935,48.9,167.5,,,22C (72F),HLU,3.0,15.0
,32C (90F),HLU,5.0,17.0,,,,32C (90F),HLU,5.0,,,,,,,32C (90F),HLU,5.0,,,,,,,32C (90F),HLU,5.0,,,,,,humerus,7.3297,11.2,0.2102,0.1036,0.1066,149.0,0.08915,10.05,149.8057,6.01,36.2,172.1,29.080000000000002,315.116,6.2788,52.0,158.29999999999998,,,32C (90F),HLU,5.0,17.2
,32C (90F),Control,4.0,18.0,,,,32C (90F),Control,4.0,,,,,,,32C (90F),Control,4.0,,,,,,,32C (90F),Control,4.0,,,,,,humerus,6.2609,10.6,0.1773,0.0845,0.09280000000000001,132.0,0.06108,12.989999999999998,204.918,6.7683,36.7,153.4,32.14,424.1066,6.8261,46.5,140.8,,,32C (90F),Control,4.0,14.0
,22C (72F),HLU,3.0,19.0,,,,22C (72F),HLU,3.0,,,,,,,22C (72F),HLU,3.0,,,,,,,22C (72F),HLU,3.0,,,,,,humerus,5.9736,10.9,0.186,0.0917,0.0943,141.0,0.0691,6.01,47.8407,5.7987,38.4,179.10000000000002,20.599999999999998,254.2981,5.7195,44.900000000000006,182.79999999999998,,,22C (72F),HLU,3.0,17.3
,22C (72F),Control,2.0,20.0,,,,22C (72F),Control,2.0,,,,,,,22C (72F),Control,2.0,,,,,,,22C (72F),Control,2.0,,,,,,humerus,7.0177,11.0,0.1965,0.1009,0.0956,151.0,0.07932,7.7,108.1898,5.4712,35.2,192.0,30.29,288.8186,6.178,49.6,168.1,,,22C (72F),Control,2.0,14.4
,22C (72F),Baseline,1.0,21.0,,,,22C (72F),Baseline,1.0,,,,,,,22C (72F),Baseline,1.0,,,,,,,22C (72F),Baseline,1.0,,,,,,humerus,7.133,10.9,0.2016,0.1006,0.101,148.0,0.08129,12.1,184.7354,7.1159,34.8,139.6,33.2,380.9749,6.4086,52.400000000000006,159.6,,,22C (72F),Baseline,1.0,17.0
,22C (72F),HLU,3.0,22.0,,,,22C (72F),HLU,3.0,,,,,,,22C (72F),HLU,3.0,,,,,,,22C (72F),HLU,3.0,,,,,,humerus,6.5142,11.0,0.1958,0.1017,0.0941,153.0,0.07961,6.550000000000001,66.4668,5.6678,35.1,183.7,23.32,266.2672,6.549,46.800000000000004,149.10000000000002,,,22C (72F),HLU,3.0,15.9
,32C (90F),Control,4.0,23.0,,,,32C (90F),Control,4.0,,,,,,,32C (90F),Control,4.0,,,,,,,32C (90F),Control,4.0,,,,,,humerus,7.1626,10.9,0.1895,0.1012,0.0883,155.0,0.07637,15.120000000000001,229.3876,6.6672,39.300000000000004,156.4,32.41,283.9155,6.6728,53.0,144.4,,,32C (90F),Control,4.0,15.3
,32C (90F),HLU,5.0,24.0,,,,32C (90F),HLU,5.0,,,,,,,32C (90F),HLU,5.0,,,,,,,32C (90F),HLU,5.0,,,,,,humerus,6.7657,10.6,0.187,0.1024,0.0846,159.0,0.07511,11.97,148.7766,6.0017,40.2,166.8,29.38,276.7009,6.4107,52.5,157.1,,,32C (90F),HLU,5.0,14.2
,22C (72F),HLU,3.0,25.0,,,,22C (72F),HLU,3.0,,,,,,,22C (72F),HLU,3.0,,,,,,,22C (72F),HLU,3.0,,,,,,humerus,6.8476,11.2,0.1869,0.0996,0.08730000000000002,154.0,0.07428,6.97,66.9541,5.7183,37.0,184.2,23.23,221.2055,5.5741,46.699999999999996,176.5,,,22C (72F),HLU,3.0,18.0
,22C (72F),Control,2.0,26.0,,,,22C (72F),Control,2.0,,,,,,,22C (72F),Control,2.0,,,,,,,22C (72F),Control,2.0,,,,,,humerus,7.3097,11.2,0.1968,0.102,0.09480000000000001,154.0,0.08039,10.93,176.481,5.782,37.5,171.7,31.47,273.7783,6.2994,54.0,157.5,,,22C (72F),Control,2.0,17.7
,22C (72F),Baseline,1.0,27.0,,,,22C (72F),Baseline,1.0,,,,,,,22C (72F),Baseline,1.0,,,,,,,22C (72F),Baseline,1.0,,,,,,humerus,7.5497,11.1,0.198,0.1012,0.09680000000000001,151.0,0.0811,13.669999999999998,210.6459,7.0976,36.2,142.9,32.93,402.8986,7.1134,51.9,136.7,,,22C (72F),Baseline,1.0,16.8
,22C (72F),HLU,3.0,28.0,,,,22C (72F),HLU,3.0,,,,,,,22C (72F),HLU,3.0,,,,,,,22C (72F),HLU,3.0,,,,,,humerus,6.7215,11.2,0.1944,0.0962,0.0982,145.0,0.07562,7.95,88.1619,5.1174,35.4,205.4,24.9,245.065,5.5325,49.4,181.5,,,22C (72F),HLU,3.0,16.6
,22C (72F),Control,2.0,29.0,,,,22C (72F),Control,2.0,,,,,,,22C (72F),Control,2.0,,,,,,,22C (72F),Control,2.0,,,,,,humerus,6.5127,11.0,0.1812,0.0917,0.0895,144.0,0.06652,6.21,60.8942,5.7801,30.0,191.5,28.24,274.5333,6.759,48.5,148.0,,,22C (72F),Control,2.0,14.3
,22C (72F),Baseline,1.0,30.0,,,,22C (72F),Baseline,1.0,,,,,,,22C (72F),Baseline,1.0,,,,,,,22C (72F),Baseline,1.0,,,,,,humerus,6.7633,10.8,0.183,0.0947,0.08829999999999999,148.0,0.06915,10.0,132.5507,6.1321,34.2,170.9,33.550000000000004,394.3788,7.5757,51.2,118.3,,,22C (72F),Baseline,1.0,16.4
,22C (72F),Baseline,1.0,31.0,,,,22C (72F),Baseline,1.0,,,,,,,22C (72F),Baseline,1.0,,,,,,,22C (72F),Baseline,1.0,,,,,,humerus,6.6204,10.9,0.1891,0.0982,0.0909,151.0,0.07358,11.0,161.7174,6.5829,35.8,158.9,30.470000000000002,360.5656,6.7241,49.4,143.1,,,22C (72F),Baseline,1.0,15.4
,22C (72F),Control,2.0,32.0,,,,22C (72F),Control,2.0,,,,,,,22C (72F),Control,2.0,,,,,,,22C (72F),Control,2.0,,,,,,humerus,6.7401,11.0,0.1907,0.0944,0.09630000000000001,144.0,0.07316,10.38,154.6557,5.8189,36.6,172.3,28.7,302.1425,6.4024,49.0,158.29999999999998,,,22C (72F),Control,2.0,18.2
,32C (90F),Control,4.0,33.0,,,,32C (90F),Control,4.0,,,,,,,32C (90F),Control,4.0,,,,,,,32C (90F),Control,4.0,,,,,,humerus,7.289,11.0,0.1935,0.1011,0.09240000000000001,153.0,0.07854,12.33,178.5005,6.0183,36.5,163.39999999999998,32.09,376.457,6.4682,52.0,153.29999999999998,,,32C (90F),Control,4.0,17.7
,22C (72F),Baseline,1.0,34.0,,,,22C (72F),Baseline,1.0,,,,,,,22C (72F),Baseline,1.0,,,,,,,22C (72F),Baseline,1.0,,,,,,humerus,6.6294,10.7,0.1712,0.0994,0.07179999999999999,164.0,0.0654,11.49,195.1848,6.7147,35.5,148.7,,,,,,Distal end damaged,,22C (72F),Baseline,1.0,15.7
,32C (90F),HLU,5.0,35.0,,,,32C (90F),HLU,5.0,,,,,,,32C (90F),HLU,5.0,,,,,,,32C (90F),HLU,5.0,,,,,,humerus,7.2235,11.0,0.2084,0.1055,0.1029,154.0,0.08913,12.120000000000001,171.9058,5.9063,39.6,171.0,29.09,246.2229,5.9871,52.5,165.20000000000002,,,32C (90F),HLU,5.0,16.6
,22C (72F),Control,2.0,36.0,,,,22C (72F),Control,2.0,,,,,,,22C (72F),Control,2.0,,,,,,,22C (72F),Control,2.0,,,,,,humerus,7.0965,11.0,0.1934,0.0998,0.09359999999999999,152.0,0.07734,11.65,168.27,6.1665,36.5,162.5,27.88,251.3276,5.6487,50.9,176.1,,,22C (72F),Control,2.0,16.0
,32C (90F),Control,4.0,37.0,,,,32C (90F),Control,4.0,,,,,,,32C (90F),Control,4.0,,,,,,,32C (90F),Control,4.0,,,,,,humerus,6.8386,10.8,0.1883,0.0991,0.0892,152.0,0.0749,13.69,189.1879,6.885,37.900000000000006,152.10000000000002,32.2,309.4113,6.5473,53.400000000000006,155.6,,,32C (90F),Control,4.0,17.2
,22C (72F),HLU,3.0,38.0,,,,22C (72F),HLU,3.0,,,,,,,22C (72F),HLU,3.0,,,,,,,22C (72F),HLU,3.0,,,,,,humerus,6.2496,11.2,0.2031,0.0993,0.1038,145.0,0.0817,6.65,65.8737,5.5909,35.2,185.5,20.39,198.3556,5.6097,44.900000000000006,179.4,,,22C (72F),HLU,3.0,14.8
10.0,22C (72F),Baseline,1.0,39.0,,,10.0,22C (72F),Baseline,1.0,,,,,,10.0,22C (72F),Baseline,1.0,,,,,,9.0,22C (72F),Baseline,1.0,,,,,,humerus,8.1103,11.4,0.2083,0.117,0.0913,168.0,0.09446,14.719999999999999,244.6994,7.1697,38.3,138.1,35.23,344.7155,6.9791,57.1,141.1,,10.0,22C (72F),Baseline,1.0,18.5
,22C (72F),HLU,3.0,40.0,,,,22C (72F),HLU,3.0,,,,,,,22C (72F),HLU,3.0,,,,,,,22C (72F),HLU,3.0,,,,,,humerus,7.0753,11.4,0.1973,0.0996,0.09770000000000001,149.0,0.07936,8.34,96.812,5.5631,37.1,183.4,25.480000000000004,247.2873,5.782,48.099999999999994,174.5,,,22C (72F),HLU,3.0,16.6
,22C (72F),HLU,3.0,41.0,,,,22C (72F),HLU,3.0,,,,,,,22C (72F),HLU,3.0,,,,,,,22C (72F),HLU,3.0,,,,,,humerus,6.5517,11.0,0.1855,0.0916,0.0939,142.0,0.06882,9.32,122.6247,5.5538,38.9,194.3,21.84,226.2634,5.5134,45.199999999999996,183.2,,,22C (72F),HLU,3.0,14.5
,22C (72F),Control,2.0,42.0,,,,22C (72F),Control,2.0,,,,,,,22C (72F),Control,2.0,,,,,,,22C (72F),Control,2.0,,,,,,humerus,7.6634,11.2,0.2064,0.1097,0.0967,162.0,0.09047,10.59,153.4164,6.2916,36.6,162.6,29.04,249.0678,6.4027,52.699999999999996,159.70000000000002,,,22C (72F),Control,2.0,18.3
,22C (72F),Control,2.0,43.0,,,,22C (72F),Control,2.0,,,,,,,22C (72F),Control,2.0,,,,,,,22C (72F),Control,2.0,,,,,,humerus,7.5974,11.2,0.1935,0.1024,0.0911,157.0,0.07972,11.27,146.1677,5.967,36.8,168.4,31.8,290.7693,6.528,53.699999999999996,150.0,,,22C (72F),Control,2.0,18.3
,32C (90F),HLU,5.0,44.0,,,,32C (90F),HLU,5.0,,,,,,,32C (90F),HLU,5.0,,,,,,,32C (90F),HLU,5.0,,,,,,humerus,7.2703,11.0,0.2088,0.1041,0.10470000000000002,151.0,0.08811,10.96,149.7267,5.8516,37.8,174.5,30.490000000000002,289.4332,7.293,52.900000000000006,137.2,,,32C (90F),HLU,5.0,17.4
,32C (90F),Control,4.0,45.0,,,,32C (90F),Control,4.0,,,,,,,32C (90F),Control,4.0,,,,,,,32C (90F),Control,4.0,,,,,,humerus,6.5145,10.6,0.1785,0.0966,0.08189999999999999,153.0,0.06748,14.35,215.6401,6.0577,38.1,161.6,30.470000000000002,281.1084,6.2758,52.900000000000006,157.4,,,32C (90F),Control,4.0,16.3
10.0,22C (72F),Control,2.0,46.0,,,10.0,22C (72F),Control,2.0,,,,,,10.0,22C (72F),Control,2.0,,,,,,10.0,22C (72F),Control,2.0,,,,,,humerus,6.6425,10.9,0.1997,0.0984,0.10129999999999999,144.0,0.08043,9.1,131.6281,5.7741,34.4,184.0,31.25,295.9642,7.0607,48.9,130.8,,10.0,22C (72F),Control,2.0,14.8
,32C (90F),Control,4.0,47.0,,,,32C (90F),Control,4.0,,,,,,,32C (90F),Control,4.0,,,,,,,32C (90F),Control,4.0,,,,,,humerus,7.6328,11.0,0.2001,0.1019,0.0982,151.0,0.08155,12.870000000000001,153.8198,6.2834,38.1,159.5,33.97,235.8627,6.2459,56.099999999999994,166.3,,,32C (90F),Control,4.0,18.7
10.0,22C (72F),HLU,3.0,48.0,,,10.0,22C (72F),HLU,3.0,,,,,,10.0,22C (72F),HLU,3.0,,,,,,10.0,22C (72F),HLU,3.0,,,,,,humerus,5.8658,11.0,0.1907,0.0908,0.0999,138.0,0.07068,4.590000000000001,34.6559,5.2842,38.699999999999996,196.70000000000002,20.94,221.2143,5.5717,45.900000000000006,178.2,,10.0,22C (72F),HLU,3.0,16.8
10.0,32C (90F),HLU,5.0,49.0,,,10.0,32C (90F),HLU,5.0,,,,,,10.0,32C (90F),HLU,5.0,,,,,,10.0,32C (90F),HLU,5.0,,,,,,humerus,7.5095,11.3,0.2169,0.1081,0.10880000000000001,154.0,0.09571,11.29,113.9403,5.8598,40.2,171.8,28.33,282.5332,5.8733,50.8,169.4,,10.0,32C (90F),HLU,5.0,19.6
10.0,32C (90F),Control,4.0,50.0,,,10.0,32C (90F),Control,4.0,,,,,,10.0,32C (90F),Control,4.0,,,,,,10.0,32C (90F),Control,4.0,,,,,,humerus,7.6945,11.2,0.2094,0.1054,0.10400000000000001,153.0,0.08857,10.85,144.921,6.1329,35.1,164.6,32.940000000000005,355.3829,6.5395,53.8,147.29999999999998,,10.0,32C (90F),Control,4.0,17.6
50.0,,,,,,,50.0,,,,,,,,,50.0,,,,,,,,,49.0,,,,,,,,,humerus,,,,,,,,,,,,,,,,,,,50.0,,,,
