Mouse #,Total__Femur BV (mm³),Diaphysis Cortical__Femur Cortical Volume (mm3),Diaphysis Cortical__Femur Marrow Volume (mm3),Diaphysis Cortical__Femur pMOI (mm4),Metaphysis Cancellous__Femur BV/TV (%),Metaphysis Cancellous__Femur Tb.Th (µm),Metaphysis Cancellous__Femur Tb.Sp (µm),Epiphysis Cancellous__Femur BV/TV (%),Epiphysis Cancellous__Femur Tb.Th (µm),Epiphysis Cancellous__Femur Tb.Sp (µm),material_type,Total__Humerus BV (mm³),Diaphysis Cortical__Humerus Cortical Volume (mm³),Diaphysis Cortical__Humerus Marrow Volume (mm³),Diaphysis Cortical__Humerus pMOI (mm⁴),Metaphysis Canc__Humerus BV/TV (%),Metaphysis Canc__Humerus Tb.Th (µm),Metaphysis Canc__Humerus Tb.Sp (µm),Epiphysis Canc__Humerus BV/TV (%),Epiphysis Canc__Humerus Tb.Th (µm),Epiphysis Canc__Humerus Tb.Sp (µm),N,Temperature,Treatment,Group #,Body Wt (g)
1.0,10.6472,0.1347,0.28500000000000003,0.2536,5.6000000000000005,38.5,231.7,19.040000000000003,41.9,154.9,femur,,,,,,,,,,,,22C (72F),HLU,3.0,17.8
2.0,14.4045,0.1572,0.2713,0.30422,13.62,38.3,159.0,24.98,46.0,144.8,femur,,,,,,,,,,,,22C (72F),Baseline,1.0,16.1
3.0,12.9785,0.1445,0.28059999999999996,0.28024,12.839999999999998,37.3,158.29999999999998,24.959999999999997,46.9,153.29999999999998,femur,,,,,,,,,,,,32C (90F),HLU,5.0,16.5
4.0,14.6269,0.1537,0.2598,0.28516,15.7,41.300000000000004,166.9,26.26,46.0,142.9,femur,,,,,,,,,,,,22C (72F),Baseline,1.0,16.3
5.0,15.5207,0.1681,0.2573,0.32496,12.78,38.6,170.9,27.02,50.5,156.5,femur,,,,,,,,,,,,22C (72F),Control,2.0,17.5
6.0,12.9308,0.141,0.2781,0.26707,15.1,39.199999999999996,162.20000000000002,26.31,49.4,148.4,femur,,,,,,,,,,,,32C (90F),HLU,5.0,14.3
7.0,14.8668,0.1601,0.2482,0.29088,19.38,43.1,153.4,26.66,52.0,146.2,femur,,,,,,,,,,,,32C (90F),Control,4.0,16.0
8.0,14.4581,0.1566,0.26380000000000003,0.29576,12.47,38.9,167.5,22.5,45.900000000000006,132.0,femur,,,,,,,,,,,,22C (72F),Baseline,1.0,18.0
9.0,12.4859,0.1388,0.2408,0.23301,15.83,40.2,161.0,27.71,51.3,163.0,femur,,,,,,,,,,,,32C (90F),HLU,5.0,14.8
10.0,12.5501,0.146,0.24760000000000001,0.26101,15.17,37.400000000000006,149.60000000000002,29.349999999999998,51.2,142.4,femur,,,,,,,,,,,,32C (90F),HLU,5.0,14.7
11.0,14.7569,0.163,0.2171,0.27342,18.44,43.0,163.39999999999998,31.77,54.800000000000004,133.0,femur,,,,,,,,,,,,32C (90F),Control,4.0,16.7
12.0,12.7831,0.1464,0.26339999999999997,0.26658,11.959999999999999,39.1,162.6,25.11,47.7,142.5,femur,,,,,,,,,,,,32C (90F),HLU,5.0,17.3
13.0,13.7986,0.1559,0.24539999999999998,0.27563,11.12,36.0,171.2,22.12,44.6,142.8,femur,,,,,,,,,,,,22C (72F),Baseline,1.0,17.1
14.0,13.5157,0.142,0.255,0.25662,17.560000000000002,41.2,151.4,29.92,51.8,138.0,femur,,,,,,,,,,,,32C (90F),Control,4.0,15.3
15.0,14.5312,0.1499,0.2551,0.27564,13.120000000000001,37.900000000000006,174.2,27.13,51.0,155.0,femur,,,,,,,,,,,,22C (72F),Control,2.0,13.9
16.0,10.4423,0.1247,0.26959999999999995,0.22104,5.26,34.6,231.3,19.61,43.2,165.3,femur,,,,,,,,,,,,22C (72F),HLU,3.0,15.0
17.0,12.9408,0.1504,0.28890000000000005,0.2999,12.68,39.300000000000004,163.89999999999998,22.3,44.2,158.0,femur,,,,,,,,,,,,32C (90F),HLU,5.0,17.2
18.0,13.6826,0.138,0.254,0.24484,18.63,39.199999999999996,145.0,34.57,53.699999999999996,132.20000000000002,femur,,,,,,,,,,,,32C (90F),Control,4.0,14.0
19.0,9.7201,0.129,0.3066,0.25413,3.15,37.8,288.0,14.299999999999999,36.7,162.8,femur,,,,,,,,,,,,22C (72F),HLU,3.0,17.3
20.0,14.6637,0.1546,0.25650000000000006,0.28902,9.44,34.1,187.1,26.72,48.7,152.60000000000002,femur,,,,,,,,,,,,22C (72F),Control,2.0,14.4
21.0,13.7123,0.1528,0.2559,0.27988,13.08,36.4,158.6,24.38,46.9,155.9,femur,,,,,,,,,,,,22C (72F),Baseline,1.0,17.0
22.0,11.7016,0.1491,0.2681,0.2852,8.42,45.199999999999996,232.2,18.0,40.800000000000004,186.6,femur,,,,,,,,,,,,22C (72F),HLU,3.0,15.9
23.0,15.0795,0.1583,0.2333,0.27796,19.45,42.0,152.7,29.409999999999997,52.5,151.0,femur,,,,,,,,,,,,32C (90F),Control,4.0,15.3
24.0,12.1818,0.1494,0.2381,0.2687,13.420000000000002,38.1,171.9,24.34,44.2,140.0,femur,,,,,,,,,,,,32C (90F),HLU,5.0,14.2
25.0,12.5265,0.1496,0.2581,0.27501,5.82,38.199999999999996,241.2,20.82,49.4,175.0,femur,,,,,,,,,,,,22C (72F),HLU,3.0,18.0
26.0,15.7656,0.1649,0.256,0.31231,12.44,40.300000000000004,191.0,28.88,54.4,150.7,femur,,,,,,,,,,,,22C (72F),Control,2.0,17.7
27.0,15.1999,0.1592,0.2843,0.32337,17.330000000000002,41.8,145.4,23.34,43.9,139.5,femur,,,,,,,,,,,,22C (72F),Baseline,1.0,16.8
28.0,11.735,0.135,0.2559,0.23864,7.99,44.3,223.0,21.37,44.0,155.70000000000002,femur,,,,,,,,,,,,22C (72F),HLU,3.0,16.6
29.0,13.8445,0.1452,0.2551,0.26137,12.520000000000001,38.3,191.1,26.979999999999997,49.2,160.1,femur,,,,,,,,,,,,22C (72F),Control,2.0,14.3
30.0,14.5038,0.1578,0.2675,0.29786,15.25,40.2,169.3,26.619999999999997,48.800000000000004,139.1,femur,,,,,,,,,,,,22C (72F),Baseline,1.0,16.4
31.0,12.6373,0.1482,0.2374,0.25138,12.49,38.0,158.6,23.1,45.1,146.1,femur,,,,,,,,,,,,22C (72F),Baseline,1.0,15.4
32.0,13.9349,0.1408,0.2703,0.26363,13.08,36.5,162.1,25.95,49.6,145.3,femur,,,,,,,,,,,,22C (72F),Control,2.0,18.2
33.0,14.8847,0.1619,0.23860000000000003,0.288,15.61,39.5,158.6,30.64,53.699999999999996,138.8,femur,,,,,,,,,,,,32C (90F),Control,4.0,17.7
34.0,13.3857,0.149,0.2053,0.22973,15.629999999999999,39.199999999999996,166.8,30.42,51.1,128.1,femur,,,,,,,,,,,,22C (72F),Baseline,1.0,15.7
35.0,12.6645,0.1455,0.29269999999999996,0.29067,10.65,36.8,177.7,22.470000000000002,43.8,155.29999999999998,femur,,,,,,,,,,,,32C (90F),HLU,5.0,16.6
36.0,14.7082,0.1514,0.2487,0.27134,14.360000000000001,40.9,172.1,26.979999999999997,49.0,144.6,femur,,,,,,,,,,,,22C (72F),Control,2.0,16.0
37.0,14.5468,0.1499,0.23739999999999997,0.25913,19.28,42.5,151.10000000000002,27.91,51.6,150.7,femur,,,,,,,,,,,,32C (90F),Control,4.0,17.2
38.0,11.4091,0.148,0.27480000000000004,0.28693,5.800000000000001,38.0,242.10000000000002,16.99,38.3,155.5,femur,,,,,,,,,,,,22C (72F),HLU,3.0,14.8
39.0,16.2272,0.173,0.2591,0.33375,14.52,40.5,158.0,27.22,50.5,151.60000000000002,femur,,,,,,,,,,,10.0,22C (72F),Baseline,1.0,18.5
40.0,13.1134,0.1433,0.28959999999999997,0.28619,8.86,47.6,225.70000000000002,24.02,48.099999999999994,151.2,femur,,,,,,,,,,,,22C (72F),HLU,3.0,16.6
41.0,11.9459,0.1414,0.28090000000000004,0.27615,8.690000000000001,39.300000000000004,202.6,22.42,46.199999999999996,155.5,femur,,,,,,,,,,,,22C (72F),HLU,3.0,14.5
42.0,15.4488,0.1608,0.2627,0.30961,10.14,37.1,188.4,26.029999999999998,50.3,149.5,femur,,,,,,,,,,,,22C (72F),Control,2.0,18.3
43.0,16.6275,0.1686,0.2487,0.31377,15.559999999999999,41.2,165.8,28.939999999999998,53.199999999999996,144.7,femur,,,,,,,,,,,,22C (72F),Control,2.0,18.3
44.0,13.9742,0.163,0.2843,0.32526,16.900000000000002,45.3,160.8,28.139999999999997,53.400000000000006,149.7,femur,,,,,,,,,,,,32C (90F),HLU,5.0,17.4
45.0,13.7387,0.1448,0.2397,0.24984,16.53,42.3,154.29999999999998,31.14,53.5,139.9,femur,,,,,,,,,,,,32C (90F),Control,4.0,16.3
46.0,13.8632,0.1424,0.26049999999999995,0.26094,12.97,37.6,175.8,28.21,50.2,154.9,femur,,,,,,,,,,,10.0,22C (72F),Control,2.0,14.8
47.0,15.5922,0.1623,0.2561,0.30609,17.41,45.3,167.5,28.77,52.2,150.29999999999998,femur,,,,,,,,,,,,32C (90F),Control,4.0,18.7
48.0,9.7742,0.1344,0.26560000000000006,0.23928,2.97,38.3,280.6,12.1,37.699999999999996,183.10000000000002,femur,,,,,,,,,,,10.0,22C (72F),HLU,3.0,16.8
49.0,13.6909,0.1531,0.29969999999999997,0.31387,12.19,41.7,176.9,24.19,47.5,174.1,femur,,,,,,,,,,,10.0,32C (90F),HLU,5.0,19.6
50.0,16.0754,0.1626,0.26880000000000004,0.312,17.66,40.7,154.9,29.880000000000003,56.2,161.8,femur,,,,,,,,,,,10.0,32C (90F),Control,4.0,17.6
1.0,,,,,,,,,,,humerus,6.1853,0.0923,0.1056,0.07511,7.61,35.1,189.9,25.540000000000003,48.300000000000004,172.8,,22C (72F),HLU,3.0,17.8
2.0,,,,,,,,,,,humerus,6.9075,0.1029,0.08799999999999998,0.07814,9.04,34.3,185.1,34.02,53.400000000000006,135.6,,22C (72F),Baseline,1.0,16.1
3.0,,,,,,,,,,,humerus,7.3036,0.1048,0.09689999999999999,0.08626,13.4,38.699999999999996,151.7,31.85,54.0,161.20000000000002,,32C (90F),HLU,5.0,16.5
4.0,,,,,,,,,,,humerus,7.1859,0.1002,0.0909,0.07678,11.19,35.4,148.29999999999998,35.72,57.2,117.0,,22C (72F),Baseline,1.0,16.3
5.0,,,,,,,,,,,humerus,7.1391,0.1055,0.0919,0.08372,9.33,35.3,179.4,30.36,50.1,157.0,,22C (72F),Control,2.0,17.5
6.0,,,,,,,,,,,humerus,6.83,0.109,0.09699999999999999,0.08849,13.0,40.599999999999994,161.6,30.09,49.0,140.2,,32C (90F),HLU,5.0,14.3
7.0,,,,,,,,,,,humerus,7.0951,0.0956,0.08949999999999998,0.0702,11.66,39.0,153.70000000000002,33.61,52.900000000000006,149.9,,32C (90F),Control,4.0,16.0
8.0,,,,,,,,,,,humerus,7.484,0.1024,0.0901,0.07807,9.58,34.2,155.70000000000002,31.53,51.7,151.60000000000002,,22C (72F),Baseline,1.0,18.0
9.0,,,,,,,,,,,humerus,6.5981,0.0923,0.09180000000000002,0.06807,12.25,39.9,168.2,31.430000000000003,52.5,142.0,,32C (90F),HLU,5.0,14.8
10.0,,,,,,,,,,,humerus,6.4067,0.0887,0.0859,0.06224,11.1,36.1,154.79999999999998,30.099999999999998,53.3,180.10000000000002,,32C (90F),HLU,5.0,14.7
11.0,,,,,,,,,,,humerus,7.0143,0.1063,0.09,0.08139,12.690000000000001,33.9,154.29999999999998,33.589999999999996,53.3,133.8,,32C (90F),Control,4.0,16.7
12.0,,,,,,,,,,,humerus,7.2235,0.1076,0.0932,0.08638,9.950000000000001,35.9,167.7,30.659999999999997,52.5,166.4,,32C (90F),HLU,5.0,17.3
13.0,,,,,,,,,,,humerus,7.1611,0.0999,0.08919999999999999,0.07655,10.280000000000001,33.4,168.4,30.14,52.0,155.1,,22C (72F),Baseline,1.0,17.1
14.0,,,,,,,,,,,humerus,6.4649,0.0925,0.0827,0.0643,12.83,36.0,156.4,34.31,50.8,130.20000000000002,,32C (90F),Control,4.0,15.3
15.0,,,,,,,,,,,humerus,6.7349,0.0973,0.09060000000000001,0.07378,10.52,33.300000000000004,167.1,28.93,48.099999999999994,148.10000000000002,,22C (72F),Control,2.0,13.9
16.0,,,,,,,,,,,humerus,6.2499,0.0898,0.0881,0.06439,8.83,38.800000000000004,202.3,24.79,48.9,167.5,,22C (72F),HLU,3.0,15.0
17.0,,,,,,,,,,,humerus,7.3297,0.1036,0.1066,0.08915,10.05,36.2,172.1,29.080000000000002,52.0,158.29999999999998,,32C (90F),HLU,5.0,17.2
18.0,,,,,,,,,,,humerus,6.2609,0.0845,0.09280000000000001,0.06108,12.989999999999998,36.7,153.4,32.14,46.5,140.8,,32C (90F),Control,4.0,14.0
19.0,,,,,,,,,,,humerus,5.9736,0.0917,0.0943,0.0691,6.01,38.4,179.10000000000002,20.599999999999998,44.900000000000006,182.79999999999998,,22C (72F),HLU,3.0,17.3
20.0,,,,,,,,,,,humerus,7.0177,0.1009,0.0956,0.07932,7.7,35.2,192.0,30.29,49.6,168.1,,22C (72F),Control,2.0,14.4
21.0,,,,,,,,,,,humerus,7.133,0.1006,0.101,0.08129,12.1,34.8,139.6,33.2,52.400000000000006,159.6,,22C (72F),Baseline,1.0,17.0
22.0,,,,,,,,,,,humerus,6.5142,0.1017,0.0941,0.07961,6.550000000000001,35.1,183.7,23.32,46.800000000000004,149.10000000000002,,22C (72F),HLU,3.0,15.9
23.0,,,,,,,,,,,humerus,7.1626,0.1012,0.0883,0.07637,15.120000000000001,39.300000000000004,156.4,32.41,53.0,144.4,,32C (90F),Control,4.0,15.3
24.0,,,,,,,,,,,humerus,6.7657,0.1024,0.0846,0.07511,11.97,40.2,166.8,29.38,52.5,157.1,,32C (90F),HLU,5.0,14.2
25.0,,,,,,,,,,,humerus,6.8476,0.0996,0.08730000000000002,0.07428,6.97,37.0,184.2,23.23,46.699999999999996,176.5,,22C (72F),HLU,3.0,18.0
26.0,,,,,,,,,,,humerus,7.3097,0.102,0.09480000000000001,0.08039,10.93,37.5,171.7,31.47,54.0,157.5,,22C (72F),Control,2.0,17.7
27.0,,,,,,,,,,,humerus,7.5497,0.1012,0.09680000000000001,0.0811,13.669999999999998,36.2,142.9,32.93,51.9,136.7,,22C (72F),Baseline,1.0,16.8
28.0,,,,,,,,,,,humerus,6.7215,0.0962,0.0982,0.07562,7.95,35.4,205.4,24.9,49.4,181.5,,22C (72F),HLU,3.0,16.6
29.0,,,,,,,,,,,humerus,6.5127,0.0917,0.0895,0.06652,6.21,30.0,191.5,28.24,48.5,148.0,,22C (72F),Control,2.0,14.3
30.0,,,,,,,,,,,humerus,6.7633,0.0947,0.08829999999999999,0.06915,10.0,34.2,170.9,33.550000000000004,51.2,118.3,,22C (72F),Baseline,1.0,16.4
31.0,,,,,,,,,,,humerus,6.6204,0.0982,0.0909,0.07358,11.0,35.8,158.9,30.470000000000002,49.4,143.1,,22C (72F),Baseline,1.0,15.4
32.0,,,,,,,,,,,humerus,6.7401,0.0944,0.09630000000000001,0.07316,10.38,36.6,172.3,28.7,49.0,158.29999999999998,,22C (72F),Control,2.0,18.2
33.0,,,,,,,,,,,humerus,7.289,0.1011,0.09240000000000001,0.07854,12.33,36.5,163.39999999999998,32.09,52.0,153.29999999999998,,32C (90F),Control,4.0,17.7
34.0,,,,,,,,,,,humerus,6.6294,0.0994,0.07179999999999999,0.0654,11.49,35.5,148.7,,,,,22C (72F),Baseline,1.0,15.7
35.0,,,,,,,,,,,humerus,7.2235,0.1055,0.1029,0.08913,12.120000000000001,39.6,171.0,29.09,52.5,165.20000000000002,,32C (90F),HLU,5.0,16.6
36.0,,,,,,,,,,,humerus,7.0965,0.0998,0.09359999999999999,0.07734,11.65,36.5,162.5,27.88,50.9,176.1,,22C (72F),Control,2.0,16.0
37.0,,,,,,,,,,,humerus,6.8386,0.0991,0.0892,0.0749,13.69,37.900000000000006,152.10000000000002,32.2,53.400000000000006,155.6,,32C (90F),Control,4.0,17.2
38.0,,,,,,,,,,,humerus,6.2496,0.0993,0.1038,0.0817,6.65,35.2,185.5,20.39,44.900000000000006,179.4,,22C (72F),HLU,3.0,14.8
39.0,,,,,,,,,,,humerus,8.1103,0.117,0.0913,0.09446,14.719999999999999,38.3,138.1,35.23,57.1,141.1,10.0,22C (72F),Baseline,1.0,18.5
40.0,,,,,,,,,,,humerus,7.0753,0.0996,0.09770000000000001,0.07936,8.34,37.1,183.4,25.480000000000004,48.099999999999994,174.5,,22C (72F),HLU,3.0,16.6
41.0,,,,,,,,,,,humerus,6.5517,0.0916,0.0939,0.06882,9.32,38.9,194.3,21.84,45.199999999999996,183.2,,22C (72F),HLU,3.0,14.5
42.0,,,,,,,,,,,humerus,7.6634,0.1097,0.0967,0.09047,10.59,36.6,162.6,29.04,52.699999999999996,159.70000000000002,,22C (72F),Control,2.0,18.3
43.0,,,,,,,,,,,humerus,7.5974,0.1024,0.0911,0.07972,11.27,36.8,168.4,31.8,53.699999999999996,150.0,,22C (72F),Control,2.0,18.3
44.0,,,,,,,,,,,humerus,7.2703,0.1041,0.10470000000000002,0.08811,10.96,37.8,174.5,30.490000000000002,52.900000000000006,137.2,,32C (90F),HLU,5.0,17.4
45.0,,,,,,,,,,,humerus,6.5145,0.0966,0.08189999999999999,0.06748,14.35,38.1,161.6,30.470000000000002,52.900000000000006,157.4,,32C (90F),Control,4.0,16.3
46.0,,,,,,,,,,,humerus,6.6425,0.0984,0.10129999999999999,0.08043,9.1,34.4,184.0,31.25,48.9,130.8,10.0,22C (72F),Control,2.0,14.8
47.0,,,,,,,,,,,humerus,7.6328,0.1019,0.0982,0.08155,12.870000000000001,38.1,159.5,33.97,56.099999999999994,166.3,,32C (90F),Control,4.0,18.7
48.0,,,,,,,,,,,humerus,5.8658,0.0908,0.0999,0.07068,4.590000000000001,38.699999999999996,196.70000000000002,20.94,45.900000000000006,178.2,10.0,22C (72F),HLU,3.0,16.8
49.0,,,,,,,,,,,humerus,7.5095,0.1081,0.10880000000000001,0.09571,11.29,40.2,171.8,28.33,50.8,169.4,10.0,32C (90F),HLU,5.0,19.6
50.0,,,,,,,,,,,humerus,7.6945,0.1054,0.10400000000000001,0.08857,10.85,35.1,164.6,32.940000000000005,53.8,147.29999999999998,10.0,32C (90F),Control,4.0,17.6
